PERIOD,TEMP,HUMID,SOLAR,WIND
1,"43,00","0,0031","2,0","4,88"
2,"41,80","0,0031","2,1","4,86"
3,"41,50","0,0030","2,2","4,61"
4,"41,40","0,0029","2,2","4,88"
5,"41,00","0,0029","2,1","4,34"
6,"40,50","0,0029","2,1","5,40"
7,"39,40","0,0030","2,3","5,38"
8,"38,20","0,0033","2,3","6,01"
9,"38,80","0,0031","8,7","5,06"
10,"39,20","0,0032","51,9","3,22"
11,"40,40","0,0032","122,2","1,45"
12,"43,20","0,0030","211,2","0,57"
13,"45,90","0,0025","228,3","2,10"
14,"47,40","0,0022","229,0","5,02"
15,"47,90","0,0022","221,7","3,20"
16,"48,60","0,0022","238,6","3,15"
17,"48,90","0,0019","107,0","3,41"
18,"48,80","0,0019","43,8","3,91"
19,"47,60","0,0021","6,2","6,17"
20,"46,70","0,0022","1,6","3,79"
21,"46,10","0,0023","1,7","4,42"
22,"44,60","0,0029","1,8","4,03"
23,"43,50","0,0033","2,1","4,73"
24,"43,20","0,0036","2,1","4,71"
25,"43,50","0,0038","2,1","5,00"
26,"43,40","0,0041","2,0","3,73"
27,"43,30","0,0047","2,0","4,27"
28,"42,80","0,0049","2,1","3,22"
29,"42,30","0,0050","2,2","3,98"
30,"42,70","0,0048","2,1","3,94"
31,"42,80","0,0047","2,1","4,41"
32,"43,70","0,0044","2,1","5,06"
33,"44,00","0,0043","3,7","4,46"
34,"44,60","0,0041","25,0","4,99"
35,"46,00","0,0042","60,9","5,67"
36,"48,00","0,0043","97,5","5,72"
37,"49,40","0,0042","139,2","6,59"
38,"49,40","0,0038","137,0","6,25"
39,"50,30","0,0034","180,0","5,79"
40,"51,10","0,0034","81,4","5,89"
41,"50,90","0,0035","53,6","5,57"
42,"50,70","0,0038","32,1","5,74"
43,"50,80","0,0040","4,7","4,55"
44,"50,60","0,0043","1,4","4,05"
45,"50,20","0,0047","1,4","5,16"
46,"49,60","0,0051","1,6","4,57"
47,"50,30","0,0056","1,4","3,46"
48,"49,80","0,0058","1,5","5,16"
49,"51,30","0,0069","1,4","6,20"
50,"52,10","0,0078","1,4","8,21"
51,"53,00","0,0053","1,4","7,95"
52,"54,00","0,0054","1,2","8,35"
53,"54,50","0,0058","1,1","9,25"
54,"54,90","0,0058","1,1","11,38"
55,"55,60","0,0060","1,1","9,66"
56,"56,50","0,0070","1,0","8,16"
57,"56,90","0,0062","1,6","7,27"
58,"56,50","0,0064","13,6","7,23"
59,"56,50","0,0057","45,3","8,47"
60,"57,20","0,0064","57,2","7,43"
61,"58,40","0,0058","79,9","3,93"
62,"60,20","0,0066","74,6","6,38"
63,"61,60","0,0067","73,1","6,71"
64,"62,80","0,0072","62,4","5,19"
65,"64,30","0,0073","59,2","3,94"
66,"66,50","0,0075","53,8","4,97"
67,"67,70","0,0090","9,7","8,53"
68,"67,30","0,0091","0,0","9,10"
69,"67,00","0,0084","0,1","7,37"
70,"66,70","0,0074","0,0","5,26"
71,"66,80","0,0066","0,1","4,57"
72,"66,70","0,0063","0,0","4,31"
73,"62,80","0,0108","0,3","7,32"
74,"60,70","0,0088","0,6","1,63"
75,"59,50","0,0093","0,6","3,83"
76,"59,90","0,0059","0,6","5,98"
77,"59,00","0,0044","0,7","3,69"
78,"58,30","0,0038","0,9","5,80"
79,"57,30","0,0031","0,9","7,02"
80,"55,60","0,0031","1,0","7,08"
81,"53,40","0,0031","9,7","11,82"
82,"51,20","0,0036","56,0","8,64"
83,"49,90","0,0035","209,3","12,66"
84,"49,80","0,0036","299,1","11,40"
85,"49,00","0,0037","261,5","9,76"
86,"49,40","0,0036","365,9","8,81"
87,"50,10","0,0034","266,9","8,34"
88,"52,00","0,0035","344,5","8,27"
89,"51,40","0,0035","178,0","8,57"
90,"49,50","0,0035","61,1","7,83"
91,"48,50","0,0037","8,4","7,27"
92,"47,90","0,0039","1,5","6,27"
93,"47,90","0,0038","1,5","6,99"
94,"47,60","0,0038","1,5","7,25"
95,"47,30","0,0039","1,5","5,73"
96,"47,00","0,0040","1,5","5,10"
97,"46,80","0,0041","1,6","4,97"
98,"46,40","0,0040","1,6","5,80"
99,"46,30","0,0040","1,6","5,88"
100,"46,20","0,0040","1,6","6,39"
101,"46,10","0,0040","1,6","6,48"
102,"46,30","0,0040","1,6","5,78"
103,"46,20","0,0041","1,7","4,89"
104,"46,10","0,0043","1,6","4,74"
105,"46,20","0,0045","2,9","4,06"
106,"44,70","0,0051","36,3","3,61"
107,"45,60","0,0055","45,0","4,10"
108,"44,00","0,0057","62,1","9,93"
109,"45,20","0,0060","74,8","8,82"
110,"45,60","0,0057","64,8","7,44"
111,"45,60","0,0062","55,8","3,29"
112,"45,40","0,0034","33,1","2,92"
113,"45,30","0,0037","25,5","4,95"
114,"45,30","0,0034","16,7","4,44"
115,"45,30","0,0036","3,9","5,84"
116,"44,90","0,0032","1,6","4,67"
117,"45,10","0,0033","1,6","5,13"
118,"45,30","0,0030","1,6","3,53"
119,"45,40","0,0029","1,6","5,03"
120,"45,20","0,0026","1,6","5,00"
121,"44,70","0,0036","1,5","6,05"
122,"44,60","0,0038","1,6","5,08"
123,"44,40","0,0038","1,6","4,64"
124,"44,20","0,0040","1,7","5,49"
125,"43,90","0,0040","1,7","5,09"
126,"43,80","0,0041","1,7","5,58"
127,"43,60","0,0041","1,7","6,33"
128,"43,80","0,0042","1,7","5,16"
129,"43,70","0,0041","2,8","4,53"
130,"43,80","0,0040","15,3","4,22"
131,"43,90","0,0039","52,1","4,46"
132,"44,10","0,0037","84,6","5,38"
133,"44,70","0,0039","70,9","5,31"
134,"44,90","0,0038","80,4","5,03"
135,"44,90","0,0036","58,7","4,83"
136,"44,90","0,0036","75,8","6,04"
137,"45,10","0,0035","66,8","7,12"
138,"44,90","0,0033","20,6","6,64"
139,"44,00","0,0032","4,5","7,10"
140,"43,70","0,0031","1,7","5,97"
141,"43,50","0,0030","1,7","5,86"
142,"43,20","0,0027","1,7","5,54"
143,"43,00","0,0025","1,7","5,34"
144,"43,00","0,0026","1,7","6,45"
145,"43,20","0,0033","1,7","4,71"
146,"42,90","0,0034","1,7","4,52"
147,"43,00","0,0032","1,7","2,12"
148,"43,20","0,0034","1,7","3,67"
149,"42,90","0,0036","1,7","3,50"
150,"42,70","0,0038","1,7","4,87"
151,"42,80","0,0037","1,7","4,63"
152,"42,80","0,0038","1,7","4,56"
153,"42,70","0,0038","6,5","3,69"
154,"42,40","0,0037","71,4","3,62"
155,"44,20","0,0055","229,3","3,55"
156,"48,80","0,0045","470,9","5,93"
157,"52,10","0,0035","584,1","5,72"
158,"53,40","0,0028","635,4","9,21"
159,"54,40","0,0027","609,0","10,78"
160,"55,30","0,0026","529,0","8,26"
161,"56,00","0,0024","378,1","8,15"
162,"56,10","0,0023","198,5","6,16"
163,"55,20","0,0024","32,8","3,61"
164,"53,90","0,0025","1,1","0,78"
165,"53,40","0,0026","1,5","0,78"
166,"52,60","0,0026","1,6","0,39"
167,"51,80","0,0027","1,6","3,35"
168,"50,70","0,0029","1,6","5,07"
169,"49,50","0,0029","1,6","6,13"
170,"47,90","0,0027","1,6","6,43"
171,"46,60","0,0029","1,6","6,29"
172,"44,90","0,0033","1,8","7,19"
173,"45,10","0,0033","1,8","8,58"
174,"44,90","0,0036","1,8","7,21"
175,"42,80","0,0035","1,8","6,36"
176,"42,50","0,0036","2,0","6,62"
177,"41,00","0,0037","17,2","8,42"
178,"41,70","0,0041","158,8","7,75"
179,"45,10","0,0038","343,0","8,76"
180,"50,60","0,0035","505,0","9,20"
181,"55,80","0,0031","615,8","7,22"
182,"59,30","0,0027","660,7","8,24"
183,"63,50","0,0023","638,8","8,28"
184,"65,30","0,0015","549,9","7,74"
185,"66,10","0,0012","403,0","7,95"
186,"65,80","0,0020","215,4","9,31"
187,"63,90","0,0025","36,7","7,11"
188,"62,10","0,0029","0,4","6,51"
189,"59,60","0,0029","0,6","7,02"
190,"56,50","0,0038","0,7","7,25"
191,"53,90","0,0054","0,9","10,17"
192,"52,80","0,0053","1,0","9,11"
193,"51,40","0,0050","1,0","9,26"
194,"50,40","0,0053","1,2","5,11"
195,"50,80","0,0056","1,2","8,69"
196,"49,80","0,0060","1,2","8,41"
197,"48,70","0,0062","1,4","8,45"
198,"47,90","0,0062","1,5","6,82"
199,"47,80","0,0059","1,6","5,18"
200,"48,10","0,0062","1,5","3,76"
201,"47,80","0,0065","19,2","6,58"
202,"49,80","0,0071","197,8","3,04"
203,"53,30","0,0074","323,5","7,38"
204,"58,10","0,0072","444,5","8,71"
205,"61,90","0,0062","566,5","6,88"
206,"64,30","0,0053","530,9","3,61"
207,"65,50","0,0050","477,7","2,45"
208,"68,20","0,0041","533,3","1,73"
209,"68,50","0,0038","389,4","2,70"
210,"68,40","0,0036","216,3","2,10"
211,"67,50","0,0036","23,8","2,06"
212,"64,50","0,0035","0,1","2,75"
213,"62,10","0,0040","0,5","2,99"
214,"60,00","0,0041","0,7","4,47"
215,"59,00","0,0040","0,9","5,19"
216,"58,50","0,0040","1,0","1,96"
217,"57,70","0,0038","1,1","4,04"
218,"56,80","0,0034","1,2","5,78"
219,"57,80","0,0031","1,1","3,05"
220,"55,20","0,0033","1,2","4,01"
221,"53,60","0,0031","1,4","3,65"
222,"51,50","0,0032","1,5","1,31"
223,"51,40","0,0032","1,6","0,56"
224,"48,70","0,0035","1,6","1,16"
225,"46,90","0,0035","16,5","1,76"
226,"47,20","0,0036","153,9","1,20"
227,"53,60","0,0035","336,7","0,37"
228,"59,00","0,0029","498,7","2,83"
229,"63,50","0,0022","609,5","4,66"
230,"66,60","0,0018","658,3","3,73"
231,"68,60","0,0015","636,8","3,60"
232,"70,00","0,0015","547,0","4,24"
233,"70,90","0,0017","400,1","5,13"
234,"71,30","0,0019","213,7","6,57"
235,"69,80","0,0027","36,5","5,16"
236,"68,00","0,0032","0,0","5,25"
237,"65,90","0,0043","0,1","6,20"
238,"62,50","0,0067","0,4","8,89"
239,"59,30","0,0082","0,5","7,20"
240,"57,40","0,0093","0,7","3,91"
241,"56,10","0,0061","1,0","2,75"
242,"55,50","0,0069","0,9","4,12"
243,"55,30","0,0069","0,9","8,46"
244,"56,00","0,0067","0,9","6,01"
245,"55,90","0,0069","0,9","4,95"
246,"55,20","0,0066","0,9","5,79"
247,"56,80","0,0074","0,9","8,96"
248,"55,60","0,0071","1,0","9,10"
249,"55,20","0,0067","7,9","8,57"
250,"55,10","0,0067","65,8","9,33"
251,"56,50","0,0097","322,5","8,95"
252,"59,00","0,0091","490,4","8,27"
253,"62,80","0,0076","605,6","8,81"
254,"66,80","0,0064","655,4","8,82"
255,"70,20","0,0057","632,4","8,52"
256,"73,20","0,0056","544,1","5,90"
257,"75,00","0,0050","398,2","4,35"
258,"74,80","0,0050","207,3","4,68"
259,"73,70","0,0051","34,3","4,25"
260,"71,90","0,0054","0,0","3,22"
261,"68,60","0,0060","0,3","1,07"
262,"65,20","0,0063","0,5","2,33"
263,"63,20","0,0043","0,7","7,19"
264,"60,60","0,0039","0,9","5,57"
265,"57,00","0,0035","1,0","7,55"
266,"54,60","0,0025","1,1","8,67"
267,"52,60","0,0020","1,4","9,31"
268,"50,80","0,0016","1,5","10,23"
269,"48,90","0,0012","1,7","12,32"
270,"47,50","0,0013","1,8","11,33"
271,"47,10","0,0018","1,8","12,09"
272,"46,30","0,0017","1,8","10,62"
273,"45,10","0,0017","16,2","7,92"
274,"45,20","0,0010","152,7","8,69"
275,"48,20","0,0003","344,5","11,10"
276,"51,70","0,0041","510,9","14,85"
277,"53,10","0,0040","623,2","13,38"
278,"55,10","0,0037","670,5","12,55"
279,"56,30","0,0037","649,5","12,25"
280,"56,80","0,0039","562,1","12,84"
281,"56,80","0,0045","416,2","11,73"
282,"55,10","0,0045","228,6","12,09"
283,"52,60","0,0047","43,6","10,67"
284,"49,40","0,0048","1,5","9,06"
285,"46,60","0,0001","1,7","7,34"
286,"44,40","0,0002","2,0","7,73"
287,"42,50","0,0003","2,1","6,21"
288,"40,90","0,0004","2,5","5,65"
289,"39,50","0,0005","2,5","5,80"
290,"38,30","0,0005","2,6","5,68"
291,"37,00","0,0005","2,7","4,98"
292,"35,90","0,0006","2,7","5,94"
293,"34,40","0,0006","2,8","5,24"
294,"33,70","0,0007","2,9","4,46"
295,"32,70","0,0007","3,1","3,83"
296,"32,40","0,0007","3,2","3,25"
297,"32,10","0,0008","21,9","1,88"
298,"33,10","0,0008","157,0","4,86"
299,"36,40","0,0008","328,4","6,29"
300,"41,00","0,0005","514,3","8,78"
301,"44,60","0,0003","469,4","6,50"
302,"48,80","0,0024","668,5","6,24"
303,"51,40","0,0026","644,1","7,65"
304,"53,20","0,0001","522,1","7,42"
305,"54,80","0,0003","392,3","7,19"
306,"55,10","0,0006","170,5","6,85"
307,"54,40","0,0011","8,9","3,93"
308,"53,70","0,0014","1,1","3,52"
309,"52,20","0,0018","1,1","6,49"
310,"50,10","0,0022","1,2","9,24"
311,"48,60","0,0030","1,4","8,88"
312,"48,00","0,0035","1,6","8,45"
313,"48,40","0,0041","1,6","7,15"
314,"47,70","0,0044","1,7","5,33"
315,"47,10","0,0046","1,7","4,66"
316,"46,60","0,0048","1,8","3,15"
317,"46,40","0,0049","1,7","2,16"
318,"46,50","0,0050","1,7","1,87"
319,"47,10","0,0052","1,7","1,85"
320,"47,80","0,0054","1,6","1,40"
321,"48,10","0,0055","4,4","1,17"
322,"48,90","0,0058","30,6","1,79"
323,"51,20","0,0062","96,8","3,23"
324,"54,00","0,0065","182,4","2,96"
325,"58,60","0,0069","273,7","6,50"
326,"61,80","0,0074","136,6","6,56"
327,"63,10","0,0080","120,0","5,93"
328,"64,40","0,0081","185,1","7,30"
329,"65,30","0,0080","148,8","7,45"
330,"65,80","0,0082","75,1","6,92"
331,"65,20","0,0084","11,4","3,59"
332,"64,70","0,0084","0,5","4,64"
333,"64,40","0,0086","0,5","4,58"
334,"64,20","0,0092","0,5","5,24"
335,"63,10","0,0097","0,5","5,22"
336,"62,40","0,0104","0,6","6,12"
337,"62,30","0,0115","0,6","6,15"
338,"62,50","0,0121","0,6","5,35"
339,"61,50","0,0117","0,6","4,15"
340,"60,80","0,0115","0,7","3,89"
341,"60,30","0,0091","0,7","4,27"
342,"60,10","0,0085","0,6","4,59"
343,"60,30","0,0094","0,6","3,57"
344,"60,70","0,0090","0,6","4,31"
345,"61,60","0,0091","3,2","4,55"
346,"61,80","0,0087","56,5","5,34"
347,"62,80","0,0096","120,0","6,64"
348,"64,00","0,0128","253,4","7,64"
349,"65,60","0,0128","245,9","7,89"
350,"67,50","0,0113","279,1","8,82"
351,"71,10","0,0089","579,2","10,80"
352,"71,90","0,0081","379,6","10,40"
353,"72,20","0,0079","288,3","9,20"
354,"72,20","0,0076","193,4","10,67"
355,"70,70","0,0078","32,8","7,27"
356,"68,50","0,0087","0,1","7,43"
357,"66,70","0,0089","0,1","5,99"
358,"64,30","0,0086","0,4","8,74"
359,"62,30","0,0089","0,5","9,84"
360,"61,10","0,0094","0,6","8,10"
361,"60,30","0,0097","0,7","6,66"
362,"59,50","0,0103","0,7","8,55"
363,"59,30","0,0108","0,7","6,58"
364,"58,80","0,0107","0,9","7,82"
365,"58,60","0,0085","0,9","8,37"
366,"59,00","0,0088","0,9","8,81"
367,"59,60","0,0101","0,7","7,89"
368,"61,00","0,0091","0,6","8,41"
369,"62,10","0,0109","7,0","10,17"
370,"63,20","0,0125","54,8","9,29"
371,"64,50","0,0131","126,3","9,24"
372,"65,30","0,0134","107,8","9,79"
373,"66,40","0,0133","149,0","9,18"
374,"67,90","0,0126","168,8","9,20"
375,"68,30","0,0132","138,3","8,17"
376,"69,50","0,0130","135,8","8,96"
377,"69,80","0,0129","68,5","9,77"
378,"69,00","0,0133","51,1","7,84"
379,"68,60","0,0137","19,9","7,07"
380,"68,30","0,0134","0,1","6,99"
381,"67,30","0,0142","0,3","7,09"
382,"66,60","0,0141","0,1","7,96"
383,"66,00","0,0138","0,3","8,05"
384,"66,00","0,0138","0,1","8,19"
385,"66,00","0,0138","0,1","6,77"
386,"65,70","0,0137","0,3","5,86"
387,"65,50","0,0136","0,3","5,17"
388,"65,50","0,0139","0,3","4,95"
389,"66,20","0,0143","0,3","6,69"
390,"67,00","0,0141","0,1","10,70"
391,"67,20","0,0145","0,1","10,73"
392,"67,00","0,0147","0,1","10,22"
393,"66,80","0,0143","12,1","8,62"
394,"67,20","0,0135","93,6","8,04"
395,"68,20","0,0149","81,2","11,50"
396,"68,70","0,0151","124,3","10,58"
397,"68,80","0,0152","181,2","9,91"
398,"69,00","0,0153","130,5","9,31"
399,"68,30","0,0150","76,3","7,43"
400,"67,30","0,0144","94,6","7,50"
401,"67,80","0,0139","56,8","5,75"
402,"68,70","0,0152","29,2","5,79"
403,"69,00","0,0153","4,5","5,08"
404,"68,60","0,0151","0,0","7,89"
405,"68,20","0,0150","0,0","6,25"
406,"68,00","0,0129","0,0","5,20"
407,"67,60","0,0131","0,0","5,70"
408,"67,60","0,0115","0,0","4,60"
409,"67,30","0,0148","0,0","3,73"
410,"66,70","0,0157","0,1","2,60"
411,"66,50","0,0153","0,1","1,93"
412,"66,30","0,0151","0,1","1,42"
413,"65,70","0,0149","0,1","2,47"
414,"64,20","0,0130","0,1","5,27"
415,"62,30","0,0124","0,3","6,11"
416,"62,50","0,0125","0,3","4,43"
417,"62,80","0,0122","0,7","2,54"
418,"61,00","0,0103","8,4","4,65"
419,"60,40","0,0100","51,9","5,65"
420,"64,60","0,0114","147,8","5,48"
421,"68,20","0,0128","172,4","6,73"
422,"69,80","0,0157","287,4","8,44"
423,"69,70","0,0157","183,2","7,98"
424,"70,40","0,0161","144,4","7,80"
425,"69,60","0,0156","115,1","6,71"
426,"71,70","0,0151","90,4","6,39"
427,"71,00","0,0152","8,9","9,88"
428,"69,30","0,0154","-0,1","10,68"
429,"68,90","0,0153","-0,1","11,04"
430,"68,70","0,0152","-0,1","10,12"
431,"68,50","0,0151","-0,1","11,41"
432,"68,50","0,0151","-0,1","11,35"
433,"68,00","0,0148","-0,1","10,62"
434,"67,70","0,0146","0,0","10,49"
435,"67,50","0,0145","0,0","9,34"
436,"67,60","0,0146","0,0","9,64"
437,"67,40","0,0145","0,0","9,87"
438,"67,50","0,0145","-0,1","10,33"
439,"67,30","0,0144","0,0","10,73"
440,"67,00","0,0143","-0,1","10,64"
441,"67,00","0,0143","2,8","11,72"
442,"67,30","0,0144","31,9","10,55"
443,"68,00","0,0148","100,9","10,66"
444,"68,50","0,0150","65,5","11,63"
445,"68,00","0,0148","48,5","10,27"
446,"68,50","0,0151","271,3","10,93"
447,"70,50","0,0161","234,7","12,63"
448,"66,90","0,0132","106,0","14,71"
449,"58,00","0,0100","160,5","14,83"
450,"56,70","0,0095","47,0","11,49"
451,"56,00","0,0087","7,2","12,15"
452,"55,70","0,0085","0,6","11,08"
453,"54,70","0,0073","0,7","11,11"
454,"53,70","0,0069","0,9","11,27"
455,"53,10","0,0066","0,9","9,78"
456,"52,70","0,0060","0,9","9,86"
457,"52,20","0,0055","0,9","9,57"
458,"53,30","0,0056","1,0","9,04"
459,"50,80","0,0050","1,0","8,03"
460,"50,10","0,0050","1,1","7,40"
461,"49,90","0,0051","1,2","5,74"
462,"49,80","0,0051","1,1","5,76"
463,"48,30","0,0054","1,2","4,00"
464,"47,30","0,0057","1,2","4,67"
465,"46,60","0,0061","3,2","3,86"
466,"46,40","0,0056","23,6","4,14"
467,"47,10","0,0051","55,8","3,33"
468,"48,10","0,0050","134,1","4,50"
469,"49,80","0,0045","235,6","4,95"
470,"51,80","0,0044","412,8","5,85"
471,"55,70","0,0033","637,8","8,29"
472,"56,60","0,0029","580,2","7,96"
473,"57,70","0,0029","410,8","6,73"
474,"57,30","0,0029","129,7","5,55"
475,"56,00","0,0031","10,6","5,81"
476,"54,60","0,0033","0,7","2,85"
477,"53,90","0,0035","0,9","0,40"
478,"53,30","0,0036","1,0","0,11"
479,"52,20","0,0039","1,1","1,66"
480,"51,40","0,0040","1,1","2,08"
481,"49,90","0,0043","1,2","5,54"
482,"47,90","0,0045","1,4","5,21"
483,"47,20","0,0043","1,5","5,10"
484,"46,40","0,0044","1,6","6,08"
485,"45,40","0,0041","1,7","6,03"
486,"43,80","0,0036","1,8","4,91"
487,"42,80","0,0035","1,8","3,90"
488,"42,00","0,0034","2,0","4,20"
489,"41,70","0,0034","23,6","3,89"
490,"42,50","0,0034","141,4","1,63"
491,"47,10","0,0033","339,6","4,41"
492,"51,60","0,0029","510,4","6,26"
493,"53,60","0,0026","576,8","5,51"
494,"55,80","0,0024","679,8","7,06"
495,"57,80","0,0022","668,5","7,09"
496,"59,50","0,0020","582,2","5,65"
497,"61,00","0,0016","437,7","5,55"
498,"61,30","0,0014","251,5","5,24"
499,"60,10","0,0019","61,1","4,58"
500,"57,00","0,0029","0,6","4,60"
501,"55,10","0,0032","0,9","3,20"
502,"54,10","0,0031","0,9","0,88"
503,"54,60","0,0024","1,2","1,41"
504,"53,60","0,0023","1,2","2,68"
505,"52,10","0,0025","1,2","2,84"
506,"51,10","0,0025","1,2","1,88"
507,"48,50","0,0030","1,4","1,14"
508,"49,80","0,0032","1,5","2,27"
509,"48,20","0,0036","1,5","0,20"
510,"46,40","0,0032","1,5","5,07"
511,"46,60","0,0031","1,6","1,80"
512,"47,10","0,0031","1,6","0,23"
513,"46,20","0,0033","14,8","0,34"
514,"47,10","0,0035","163,6","1,53"
515,"50,80","0,0038","362,0","3,28"
516,"54,50","0,0033","526,0","2,97"
517,"58,20","0,0032","612,4","4,67"
518,"60,90","0,0031","666,1","4,01"
519,"63,00","0,0024","612,9","5,56"
520,"64,70","0,0022","548,0","5,47"
521,"65,40","0,0020","418,7","6,87"
522,"65,50","0,0019","209,0","7,12"
523,"64,50","0,0021","34,5","5,02"
524,"62,30","0,0024","0,4","4,54"
525,"59,80","0,0027","0,4","6,24"
526,"59,20","0,0028","0,5","6,38"
527,"58,20","0,0029","0,5","9,01"
528,"55,60","0,0031","0,6","11,02"
529,"53,90","0,0034","0,6","9,29"
530,"52,10","0,0045","0,9","6,77"
531,"51,00","0,0052","1,0","8,26"
532,"50,30","0,0057","1,1","7,87"
533,"49,90","0,0060","1,2","8,26"
534,"49,30","0,0063","1,2","5,78"
535,"49,60","0,0067","1,4","4,09"
536,"49,90","0,0071","1,2","4,53"
537,"49,90","0,0076","9,9","3,47"
538,"49,40","0,0044","67,0","5,79"
539,"51,70","0,0082","148,5","3,68"
540,"54,00","0,0087","222,2","7,38"
541,"58,50","0,0094","405,5","7,83"
542,"63,40","0,0083","429,9","10,97"
543,"66,20","0,0069","618,8","11,48"
544,"68,50","0,0060","537,3","13,31"
545,"69,70","0,0054","347,4","10,23"
546,"69,70","0,0054","96,8","7,95"
547,"69,50","0,0052","32,3","6,54"
548,"68,20","0,0054","-0,2","5,40"
549,"66,50","0,0057","-0,1","1,43"
550,"65,40","0,0057","0,1","0,76"
551,"64,20","0,0059","0,4","0,05"
552,"64,20","0,0061","0,3","1,43"
553,"62,30","0,0062","0,3","2,79"
554,"63,50","0,0063","0,1","5,38"
555,"60,00","0,0076","0,3","2,39"
556,"60,50","0,0091","0,4","2,23"
557,"60,20","0,0098","0,4","6,53"
558,"57,30","0,0098","0,4","5,42"
559,"57,80","0,0093","0,5","0,85"
560,"57,50","0,0098","0,5","1,12"
561,"57,00","0,0100","1,7","5,88"
562,"56,90","0,0067","7,7","5,80"
563,"57,30","0,0075","31,4","3,65"
564,"57,90","0,0081","56,0","2,92"
565,"59,10","0,0088","69,4","5,34"
566,"60,40","0,0078","58,9","3,67"
567,"60,60","0,0097","56,0","5,09"
568,"60,80","0,0085","30,6","6,43"
569,"59,00","0,0079","68,5","6,89"
570,"60,30","0,0082","52,6","4,88"
571,"60,80","0,0092","27,0","6,73"
572,"60,50","0,0069","0,3","4,14"
573,"59,30","0,0092","0,3","9,27"
574,"54,50","0,0035","0,6","12,81"
575,"52,60","0,0030","1,0","13,07"
576,"51,60","0,0024","1,0","13,68"
577,"50,50","0,0022","1,1","14,58"
578,"48,80","0,0014","1,2","16,63"
579,"46,80","0,0016","1,4","15,84"
580,"44,20","0,0020","1,5","15,69"
581,"41,70","0,0023","1,7","15,73"
582,"40,50","0,0024","1,8","14,41"
583,"39,40","0,0024","1,8","12,23"
584,"38,30","0,0026","2,0","12,46"
585,"38,00","0,0026","21,4","11,70"
586,"38,00","0,0026","177,8","11,64"
587,"39,90","0,0022","370,3","11,43"
588,"42,50","0,0019","539,2","10,93"
589,"45,10","0,0017","656,8","9,68"
590,"47,80","0,0012","711,0","8,12"
591,"49,90","0,0003","698,8","11,61"
592,"51,10","0,0006","611,4","9,00"
593,"51,90","0,0002","465,0","12,80"
594,"52,40","0,0003","271,7","11,94"
595,"52,10","0,0004","74,6","7,24"
596,"50,60","0,0006","1,4","2,01"
597,"49,60","0,0007","1,2","3,12"
598,"49,40","0,0007","1,2","4,01"
599,"49,00","0,0007","1,4","4,62"
600,"47,50","0,0013","1,2","5,80"
601,"44,20","0,0020","1,6","7,33"
602,"43,50","0,0021","1,5","7,41"
603,"43,50","0,0014","1,5","8,61"
604,"41,90","0,0013","1,6","9,58"
605,"41,60","0,0013","1,7","7,82"
606,"40,90","0,0014","1,7","8,14"
607,"40,00","0,0016","1,7","8,79"
608,"39,40","0,0018","2,0","8,51"
609,"39,40","0,0020","21,9","8,09"
610,"40,80","0,0022","178,3","9,17"
611,"46,00","0,0023","370,8","7,94"
612,"52,30","0,0015","541,2","11,35"
613,"56,00","0,0008","658,8","12,76"
614,"58,20","0,0003","715,4","13,67"
615,"59,90","0,0001","697,3","13,77"
616,"61,10","0,0038","611,9","14,46"
617,"61,60","0,0007","465,5","13,42"
618,"61,50","0,0015","273,2","14,26"
619,"59,80","0,0023","73,8","14,34"
620,"57,10","0,0030","0,6","12,80"
621,"54,90","0,0036","0,5","14,64"
622,"53,80","0,0042","0,5","11,86"
623,"52,10","0,0046","0,6","8,66"
624,"50,80","0,0049","0,9","8,79"
625,"51,10","0,0056","0,9","9,18"
626,"52,30","0,0063","0,9","10,27"
627,"51,30","0,0064","0,9","10,22"
628,"50,70","0,0069","1,0","6,91"
629,"50,40","0,0074","1,1","9,06"
630,"50,20","0,0077","1,1","9,43"
631,"51,30","0,0081","1,1","8,74"
632,"51,40","0,0055","1,0","8,92"
633,"52,50","0,0055","19,2","11,31"
634,"53,80","0,0089","161,9","8,34"
635,"56,70","0,0093","342,0","10,34"
636,"62,10","0,0089","387,4","12,84"
637,"65,80","0,0079","439,6","14,89"
638,"68,00","0,0071","665,6","13,78"
639,"69,30","0,0065","582,2","12,05"
640,"70,20","0,0063","465,5","10,20"
641,"70,60","0,0064","356,7","9,99"
642,"69,50","0,0065","116,1","9,45"
643,"68,30","0,0070","23,6","9,97"
644,"66,80","0,0071","-0,2","9,51"
645,"65,70","0,0078","-0,2","6,71"
646,"64,40","0,0085","-0,2","5,98"
647,"63,10","0,0089","-0,1","6,22"
648,"62,00","0,0093","0,0","6,15"
649,"61,00","0,0098","0,0","5,14"
650,"59,90","0,0110","0,3","3,50"
651,"59,20","0,0090","0,3","4,21"
652,"58,60","0,0067","0,4","4,32"
653,"52,40","0,0065","0,5","6,33"
654,"47,80","0,0051","0,9","8,27"
655,"46,10","0,0045","1,1","8,96"
656,"45,10","0,0047","1,2","9,23"
657,"45,00","0,0043","7,9","7,71"
658,"44,60","0,0041","30,9","8,87"
659,"44,60","0,0043","66,8","9,46"
660,"44,60","0,0042","46,3","7,39"
661,"45,10","0,0039","85,1","7,55"
662,"45,10","0,0037","52,1","7,77"
663,"44,80","0,0039","35,5","8,66"
664,"44,00","0,0034","57,2","9,29"
665,"43,80","0,0036","40,6","9,24"
666,"42,70","0,0033","15,3","9,46"
667,"41,90","0,0032","5,9","10,84"
668,"42,00","0,0030","1,7","9,06"
669,"41,80","0,0030","1,6","9,46"
670,"41,60","0,0026","1,6","12,61"
671,"41,60","0,0026","1,6","9,32"
672,"41,50","0,0025","1,7","9,05"
673,"39,50","0,0033","1,8","8,30"
674,"39,00","0,0031","2,0","7,40"
675,"38,70","0,0033","2,1","7,08"
676,"37,60","0,0031","2,1","6,82"
677,"36,50","0,0045","2,2","7,05"
678,"34,90","0,0029","2,3","6,68"
679,"33,90","0,0040","2,5","6,19"
680,"33,70","0,0037","2,5","5,11"
681,"32,40","0,0036","25,3","5,45"
682,"34,70","0,0032","189,5","5,19"
683,"39,60","0,0027","389,4","4,30"
684,"44,70","0,0024","563,1","1,77"
685,"49,00","0,0017","685,6","2,52"
686,"52,10","0,0011","742,7","1,57"
687,"53,40","0,0009","723,2","1,91"
688,"54,60","0,0008","637,3","3,27"
689,"54,80","0,0010","492,3","5,15"
690,"55,40","0,0006","300,5","4,49"
691,"55,10","0,0008","89,9","3,80"
692,"52,90","0,0008","1,2","3,57"
693,"51,00","0,0010","1,1","5,78"
694,"49,40","0,0014","1,2","5,96"
695,"47,80","0,0019","1,4","8,63"
696,"46,70","0,0025","1,5","8,82"
697,"46,00","0,0029","1,5","9,64"
698,"44,10","0,0031","1,6","9,20"
699,"43,80","0,0029","1,7","8,11"
700,"43,80","0,0033","1,6","8,04"
701,"42,70","0,0034","1,7","5,91"
702,"42,40","0,0035","1,8","4,82"
703,"42,50","0,0036","1,8","4,40"
704,"42,40","0,0040","1,8","2,81"
705,"41,90","0,0040","27,5","6,87"
706,"43,10","0,0044","148,0","5,95"
707,"47,30","0,0036","404,0","9,47"
708,"52,00","0,0029","432,3","7,41"
709,"56,00","0,0018","597,3","5,47"
710,"58,90","0,0013","735,4","3,57"
711,"62,90","0,0010","711,5","2,39"
712,"64,60","0,0006","622,7","2,38"
713,"66,00","0,0006","491,9","2,38"
714,"66,30","0,0003","295,7","4,64"
715,"64,70","0,0009","78,0","5,18"
716,"61,60","0,0018","0,6","3,66"
717,"58,80","0,0020","0,6","5,59"
718,"56,30","0,0020","0,7","5,19"
719,"54,90","0,0024","0,9","3,76"
720,"53,20","0,0026","1,0","5,55"
721,"52,60","0,0027","1,1","6,37"
722,"52,60","0,0026","1,0","7,65"
723,"49,40","0,0032","1,2","6,36"
724,"49,40","0,0035","1,4","5,68"
725,"46,90","0,0036","1,4","4,56"
726,"45,20","0,0038","1,6","5,03"
727,"46,80","0,0044","1,4","6,43"
728,"46,20","0,0049","1,4","5,37"
729,"46,30","0,0054","7,9","5,62"
730,"48,40","0,0057","40,2","6,38"
731,"52,40","0,0058","123,9","6,63"
732,"56,50","0,0069","113,9","8,34"
733,"58,10","0,0079","93,8","9,66"
734,"59,30","0,0085","74,6","8,00"
735,"60,80","0,0094","85,1","9,85"
736,"62,00","0,0103","125,1","12,21"
737,"62,40","0,0115","48,7","10,67"
738,"62,50","0,0080","19,9","10,37"
739,"62,80","0,0091","4,7","10,19"
740,"63,80","0,0092","0,1","10,09"
741,"64,80","0,0089","-0,1","9,54"
742,"64,80","0,0091","-0,1","9,97"
743,"64,80","0,0091","-0,1","8,97"
744,"64,50","0,0087","-0,2","9,25"
745,"63,40","0,0113","-0,1","6,80"
746,"63,60","0,0117","-0,1","8,00"
747,"64,50","0,0114","0,0","8,99"
748,"65,00","0,0125","0,0","7,91"
749,"64,80","0,0122","-0,1","8,47"
750,"64,90","0,0120","-0,1","9,41"
751,"65,30","0,0123","-0,1","10,61"
752,"65,40","0,0116","-0,1","12,62"
753,"66,10","0,0112","1,4","15,09"
754,"57,60","0,0101","14,0","16,39"
755,"55,50","0,0065","40,2","8,39"
756,"56,20","0,0070","96,0","3,60"
757,"57,50","0,0060","88,5","3,40"
758,"57,60","0,0061","115,3","4,68"
759,"58,70","0,0064","369,4","12,17"
760,"61,80","0,0067","406,4","10,15"
761,"64,80","0,0119","77,7","4,61"
762,"63,00","0,0120","16,2","3,40"
763,"61,30","0,0093","5,4","3,94"
764,"53,20","0,0032","0,4","23,94"
765,"53,30","0,0057","0,7","9,55"
766,"54,70","0,0090","0,7","2,83"
767,"54,10","0,0089","0,6","3,36"
768,"52,90","0,0032","0,5","3,65"
769,"53,10","0,0070","0,6","5,63"
770,"53,10","0,0061","0,6","5,61"
771,"53,00","0,0059","0,7","5,55"
772,"52,60","0,0062","0,9","3,58"
773,"51,40","0,0052","0,9","2,27"
774,"50,60","0,0049","1,0","0,82"
775,"48,60","0,0044","1,0","1,55"
776,"47,80","0,0041","1,1","0,83"
777,"47,70","0,0044","23,6","2,91"
778,"49,30","0,0042","144,1","4,13"
779,"52,80","0,0048","223,4","4,61"
780,"55,10","0,0049","196,8","3,97"
781,"57,50","0,0053","207,3","3,03"
782,"62,10","0,0068","167,3","3,86"
783,"66,20","0,0084","151,4","3,95"
784,"69,70","0,0091","129,7","2,63"
785,"70,80","0,0094","163,4","2,15"
786,"73,10","0,0100","136,1","2,59"
787,"73,60","0,0113","33,1","3,42"
788,"73,80","0,0146","0,0","4,96"
789,"73,30","0,0134","-0,3","3,41"
790,"73,20","0,0129","-0,5","2,43"
791,"72,50","0,0116","-0,3","2,21"
792,"72,30","0,0109","-0,3","1,68"
793,"72,20","0,0149","-0,2","1,70"
794,"71,80","0,0147","-0,3","2,72"
795,"71,80","0,0160","-0,2","3,24"
796,"72,10","0,0164","-0,3","4,53"
797,"71,90","0,0164","-0,3","4,41"
798,"64,30","0,0109","-0,1","11,55"
799,"59,50","0,0074","0,4","15,99"
800,"56,60","0,0055","0,5","16,36"
801,"52,10","0,0054","2,3","13,17"
802,"51,00","0,0051","18,2","11,12"
803,"50,40","0,0051","48,2","10,16"
804,"51,00","0,0047","96,3","9,43"
805,"52,80","0,0083","188,0","11,96"
806,"54,20","0,0075","334,2","14,03"
807,"57,10","0,0068","655,4","16,18"
808,"55,80","0,0063","592,9","13,59"
809,"56,30","0,0059","480,1","14,00"
810,"55,50","0,0057","293,7","14,27"
811,"54,30","0,0057","88,7","11,26"
812,"52,40","0,0058","2,2","8,44"
813,"50,30","0,0060","1,2","7,98"
814,"49,40","0,0057","1,4","7,80"
815,"47,60","0,0055","1,5","7,00"
816,"47,00","0,0051","1,5","7,38"
817,"45,90","0,0050","1,5","9,19"
818,"46,00","0,0046","1,6","10,88"
819,"45,00","0,0046","1,7","9,62"
820,"43,40","0,0047","1,7","8,73"
821,"42,40","0,0047","2,0","6,88"
822,"41,30","0,0047","2,0","7,26"
823,"40,90","0,0045","2,1","8,81"
824,"41,00","0,0044","2,1","8,16"
825,"40,80","0,0044","30,4","6,21"
826,"42,40","0,0044","200,2","5,76"
827,"45,80","0,0043","404,0","7,96"
828,"50,10","0,0036","583,1","8,78"
829,"53,80","0,0027","706,1","8,42"
830,"56,30","0,0020","764,7","9,13"
831,"58,30","0,0018","749,6","7,58"
832,"59,90","0,0015","663,7","7,60"
833,"61,10","0,0012","517,2","7,50"
834,"61,50","0,0012","321,0","6,35"
835,"59,70","0,0023","107,3","7,18"
836,"56,80","0,0030","1,7","4,51"
837,"54,80","0,0027","1,0","3,86"
838,"53,30","0,0023","1,2","3,57"
839,"51,40","0,0024","1,2","3,98"
840,"50,40","0,0024","1,5","2,49"
841,"50,80","0,0024","1,6","2,49"
842,"50,40","0,0024","1,7","2,49"
843,"50,10","0,0024","1,8","0,30"
844,"48,40","0,0026","1,7","1,62"
845,"47,40","0,0024","1,8","4,17"
846,"45,60","0,0026","1,8","4,86"
847,"41,90","0,0032","2,0","2,50"
848,"41,50","0,0035","2,2","4,19"
849,"40,60","0,0042","30,4","6,19"
850,"43,00","0,0046","199,5","6,79"
851,"48,30","0,0051","399,6","12,04"
852,"53,20","0,0044","573,4","13,04"
853,"56,10","0,0039","692,5","11,03"
854,"58,50","0,0036","694,9","10,78"
855,"60,00","0,0035","611,4","9,22"
856,"60,90","0,0040","551,4","8,86"
857,"61,00","0,0047","466,0","9,96"
858,"59,90","0,0051","231,2","9,67"
859,"58,60","0,0057","65,5","10,22"
860,"57,50","0,0061","1,0","9,15"
861,"56,40","0,0065","0,6","8,80"
862,"54,80","0,0069","0,7","8,89"
863,"53,80","0,0073","0,9","7,01"
864,"54,30","0,0078","0,9","7,63"
865,"54,50","0,0081","0,7","8,36"
866,"54,70","0,0086","0,9","7,78"
867,"55,20","0,0091","0,9","2,39"
868,"54,90","0,0056","0,7","2,37"
869,"55,00","0,0047","0,7","1,09"
870,"54,60","0,0050","0,7","2,44"
871,"54,60","0,0044","0,7","0,69"
872,"55,00","0,0045","0,7","2,80"
873,"54,40","0,0043","15,8","3,83"
874,"54,80","0,0045","110,7","4,10"
875,"57,10","0,0050","189,5","5,14"
876,"57,80","0,0053","160,5","6,32"
877,"60,60","0,0113","523,6","8,84"
878,"64,20","0,0093","431,8","7,64"
879,"67,30","0,0071","616,3","7,03"
880,"69,70","0,0043","621,2","7,17"
881,"70,70","0,0040","468,4","5,68"
882,"70,70","0,0045","170,7","5,36"
883,"70,30","0,0046","45,8","2,05"
884,"69,30","0,0047","0,6","0,06"
885,"68,10","0,0048","0,3","0,15"
886,"66,70","0,0044","0,4","0,62"
887,"65,70","0,0036","0,4","0,49"
888,"64,40","0,0038","0,5","2,27"
889,"62,70","0,0037","0,5","2,75"
890,"60,40","0,0043","0,6","2,23"
891,"58,50","0,0050","0,7","2,35"
892,"58,50","0,0051","0,7","1,62"
893,"57,50","0,0045","0,9","2,52"
894,"56,40","0,0047","0,9","3,54"
895,"54,00","0,0055","1,0","1,53"
896,"54,00","0,0054","1,1","0,82"
897,"51,80","0,0056","21,4","2,99"
898,"52,30","0,0064","205,1","3,56"
899,"56,80","0,0077","353,3","2,24"
900,"61,70","0,0086","449,9","2,48"
901,"66,60","0,0068","648,5","2,94"
902,"70,20","0,0038","711,5","3,72"
903,"71,30","0,0037","718,3","3,30"
904,"72,70","0,0021","530,4","3,81"
905,"72,50","0,0019","232,9","3,94"
906,"71,60","0,0033","86,8","4,82"
907,"70,40","0,0047","20,6","3,68"
908,"68,60","0,0059","0,4","4,08"
909,"67,50","0,0075","0,3","3,17"
910,"66,20","0,0090","0,4","4,09"
911,"65,00","0,0116","0,4","4,96"
912,"64,20","0,0066","0,5","6,34"
913,"63,90","0,0103","0,5","6,30"
914,"64,00","0,0096","0,5","5,12"
915,"63,60","0,0102","0,6","5,72"
916,"63,50","0,0099","0,6","4,67"
917,"63,30","0,0102","0,7","4,60"
918,"63,30","0,0097","0,6","5,46"
919,"63,00","0,0101","0,6","5,00"
920,"63,10","0,0094","0,6","3,90"
921,"63,40","0,0087","3,8","4,08"
922,"63,70","0,0086","54,6","3,15"
923,"66,10","0,0100","115,8","6,00"
924,"67,90","0,0106","139,5","7,98"
925,"70,20","0,0108","299,6","7,17"
926,"72,50","0,0174","308,8","7,92"
927,"74,70","0,0162","506,0","10,02"
928,"76,40","0,0135","467,9","12,30"
929,"76,80","0,0130","195,9","10,73"
930,"77,20","0,0129","136,3","11,24"
931,"77,10","0,0132","53,8","11,75"
932,"75,50","0,0142","0,5","10,74"
933,"73,80","0,0156","-0,2","10,33"
934,"72,50","0,0173","-0,1","11,18"
935,"72,60","0,0148","-0,1","9,69"
936,"72,70","0,0143","-0,1","9,01"
937,"72,70","0,0172","-0,1","8,06"
938,"72,00","0,0163","0,0","8,37"
939,"72,30","0,0165","0,0","8,42"
940,"72,90","0,0169","-0,1","9,10"
941,"72,30","0,0161","-0,1","10,36"
942,"71,70","0,0167","-0,1","9,73"
943,"71,50","0,0159","0,0","9,34"
944,"71,50","0,0156","0,0","10,67"
945,"71,50","0,0155","7,7","8,95"
946,"72,10","0,0152","24,8","8,35"
947,"72,50","0,0164","49,2","7,00"
948,"73,00","0,0185","39,9","7,16"
949,"73,50","0,0185","60,7","7,48"
950,"73,70","0,0181","63,6","10,64"
951,"73,60","0,0174","94,1","10,12"
952,"73,50","0,0096","58,9","7,41"
953,"74,90","0,0189","253,0","9,15"
954,"76,60","0,0198","110,7","7,41"
955,"67,60","0,0139","6,7","15,51"
956,"61,10","0,0081","0,4","13,29"
957,"59,30","0,0069","0,6","14,89"
958,"59,00","0,0060","0,7","14,32"
959,"58,80","0,0063","0,5","9,27"
960,"58,10","0,0048","1,0","3,75"
961,"57,50","0,0065","1,1","6,68"
962,"57,10","0,0076","1,1","7,26"
963,"56,10","0,0062","1,1","7,57"
964,"55,30","0,0070","1,2","4,53"
965,"54,30","0,0057","1,4","5,09"
966,"52,90","0,0050","1,4","6,15"
967,"51,50","0,0052","1,5","6,35"
968,"50,10","0,0048","1,6","8,12"
969,"48,90","0,0045","37,0","7,06"
970,"49,90","0,0071","212,0","7,37"
971,"52,60","0,0058","414,7","6,53"
972,"55,50","0,0055","589,5","6,10"
973,"58,30","0,0046","713,0","5,74"
974,"60,60","0,0037","768,6","7,82"
975,"62,70","0,0038","754,0","6,85"
976,"64,20","0,0036","669,5","6,62"
977,"65,60","0,0035","521,1","5,13"
978,"66,20","0,0029","324,9","6,20"
979,"65,60","0,0025","114,8","4,90"
980,"63,30","0,0036","2,8","2,87"
981,"61,60","0,0035","0,9","2,62"
982,"60,40","0,0034","1,0","0,80"
983,"58,60","0,0033","1,2","2,93"
984,"57,40","0,0033","1,2","2,07"
985,"56,20","0,0031","1,4","2,92"
986,"57,40","0,0030","1,4","6,55"
987,"56,30","0,0032","1,2","8,15"
988,"56,50","0,0032","1,2","5,93"
989,"52,10","0,0044","1,5","4,92"
990,"53,00","0,0042","1,5","7,18"
991,"53,90","0,0044","1,4","6,29"
992,"51,60","0,0044","1,6","1,46"
993,"48,90","0,0045","36,7","1,46"
994,"50,20","0,0044","209,5","3,59"
995,"55,00","0,0040","413,3","5,77"
996,"60,30","0,0043","576,8","6,43"
997,"64,50","0,0046","713,0","7,57"
998,"67,30","0,0043","769,6","4,13"
999,"70,20","0,0033","754,4","4,10"
1000,"71,90","0,0029","669,0","2,65"
1001,"72,50","0,0027","522,1","2,40"
1002,"73,00","0,0026","324,5","2,18"
1003,"72,80","0,0028","113,1","2,60"
1004,"71,40","0,0034","2,2","3,73"
1005,"68,80","0,0041","0,3","5,72"
1006,"67,50","0,0041","0,5","5,58"
1007,"65,70","0,0043","0,5","4,23"
1008,"65,30","0,0045","0,6","4,67"
1009,"64,90","0,0045","0,6","7,42"
1010,"62,80","0,0050","0,5","8,05"
1011,"61,00","0,0057","0,4","7,48"
1012,"60,00","0,0057","0,6","7,49"
1013,"59,10","0,0060","1,0","7,96"
1014,"57,90","0,0067","1,0","6,73"
1015,"57,20","0,0082","1,1","6,81"
1016,"55,80","0,0096","1,1","6,92"
1017,"56,00","0,0067","40,2","6,64"
1018,"55,20","0,0052","209,0","8,61"
1019,"56,30","0,0049","271,7","5,68"
1020,"60,00","0,0044","536,8","6,66"
1021,"67,20","0,0095","712,0","9,16"
1022,"70,70","0,0071","768,6","11,53"
1023,"73,60","0,0052","754,9","12,47"
1024,"74,80","0,0052","669,0","12,55"
1025,"75,10","0,0048","521,6","11,58"
1026,"75,00","0,0048","332,8","11,99"
1027,"73,70","0,0043","113,4","11,78"
1028,"71,30","0,0040","1,0","13,86"
1029,"68,40","0,0054","0,0","9,89"
1030,"65,70","0,0067","0,4","8,88"
1031,"63,00","0,0079","0,5","5,76"
1032,"60,70","0,0085","0,6","7,18"
1033,"59,90","0,0095","0,7","7,11"
1034,"60,10","0,0103","0,7","10,35"
1035,"59,80","0,0110","0,9","8,43"
1036,"59,40","0,0083","0,9","6,93"
1037,"59,60","0,0082","0,7","9,43"
1038,"59,70","0,0080","0,7","8,70"
1039,"59,60","0,0077","0,7","7,85"
1040,"59,50","0,0071","1,1","4,81"
1041,"59,00","0,0062","23,1","5,09"
1042,"60,90","0,0079","217,6","8,12"
1043,"64,60","0,0132","272,2","11,79"
1044,"67,20","0,0130","370,3","12,01"
1045,"69,70","0,0108","412,8","15,07"
1046,"71,80","0,0095","453,3","13,40"
1047,"73,50","0,0085","385,5","14,89"
1048,"75,10","0,0080","548,0","14,98"
1049,"75,40","0,0080","412,3","13,38"
1050,"74,40","0,0078","241,2","14,51"
1051,"72,50","0,0086","76,0","13,41"
1052,"70,60","0,0090","1,2","10,01"
1053,"69,70","0,0095","0,1","11,37"
1054,"68,40","0,0100","0,1","7,90"
1055,"67,30","0,0106","0,3","8,24"
1056,"65,70","0,0120","0,4","7,94"
1057,"65,60","0,0136","0,4","7,46"
1058,"66,30","0,0125","0,4","7,41"
1059,"66,80","0,0121","0,4","6,42"
1060,"66,50","0,0119","0,4","6,47"
1061,"66,50","0,0123","0,4","7,18"
1062,"67,00","0,0128","0,4","6,67"
1063,"67,70","0,0130","0,3","6,93"
1064,"67,80","0,0130","0,4","7,21"
1065,"67,70","0,0123","13,6","7,94"
1066,"68,60","0,0122","56,5","8,61"
1067,"69,70","0,0129","118,5","9,28"
1068,"71,00","0,0165","97,7","10,06"
1069,"71,20","0,0166","64,1","6,85"
1070,"72,50","0,0167","156,8","8,25"
1071,"73,70","0,0154","235,1","9,28"
1072,"74,60","0,0144","225,6","10,99"
1073,"74,20","0,0146","83,8","8,86"
1074,"73,60","0,0151","74,1","8,68"
1075,"72,70","0,0161","24,3","5,83"
1076,"72,30","0,0162","0,1","6,04"
1077,"71,70","0,0167","-0,3","6,82"
1078,"71,10","0,0165","-0,3","5,94"
1079,"70,90","0,0124","-0,2","5,24"
1080,"70,50","0,0117","0,0","5,47"
1081,"70,80","0,0155","0,0","5,07"
1082,"71,00","0,0154","0,0","9,70"
1083,"70,30","0,0157","0,0","8,12"
1084,"69,30","0,0146","0,0","6,53"
1085,"69,00","0,0148","0,1","5,81"
1086,"69,00","0,0146","0,1","6,29"
1087,"69,20","0,0149","0,1","5,62"
1088,"69,00","0,0145","0,3","8,93"
1089,"68,40","0,0107","39,7","11,94"
1090,"68,90","0,0117","210,2","9,42"
1091,"71,20","0,0146","393,8","8,93"
1092,"67,80","0,0126","473,3","6,39"
1093,"66,80","0,0114","634,9","3,17"
1094,"71,00","0,0101","685,1","6,24"
1095,"72,10","0,0077","704,2","7,24"
1096,"73,20","0,0066","655,4","7,87"
1097,"73,20","0,0059","507,5","6,50"
1098,"72,50","0,0052","305,4","7,35"
1099,"68,20","0,0043","101,2","7,22"
1100,"62,80","0,0039","2,3","7,66"
1101,"56,50","0,0039","0,5","10,09"
1102,"53,40","0,0041","0,9","13,81"
1103,"52,90","0,0027","1,1","12,19"
1104,"52,80","0,0016","1,1","9,30"
1105,"52,40","0,0019","1,1","11,56"
1106,"51,40","0,0003","1,4","9,93"
1107,"51,40","0,0053","1,4","10,57"
1108,"51,20","0,0023","1,4","9,18"
1109,"49,90","0,0014","1,5","8,18"
1110,"49,20","0,0001","1,6","5,08"
1111,"47,30","0,0002","1,7","5,70"
1112,"46,30","0,0016","1,7","5,44"
1113,"45,80","0,0019","27,5","6,19"
1114,"47,00","0,0007","159,5","8,20"
1115,"49,40","0,0037","335,7","11,12"
1116,"51,90","0,0034","450,9","9,53"
1117,"54,20","0,0031","613,9","10,56"
1118,"56,10","0,0029","604,1","9,88"
1119,"57,50","0,0034","589,5","8,76"
1120,"58,40","0,0033","524,1","8,32"
1121,"58,30","0,0039","400,6","9,21"
1122,"57,60","0,0046","192,7","8,58"
1123,"56,30","0,0051","69,2","8,52"
1124,"54,20","0,0042","3,1","5,48"
1125,"52,60","0,0038","1,2","6,11"
1126,"51,30","0,0036","1,4","6,67"
1127,"49,60","0,0003","1,4","6,01"
1128,"47,80","0,0005","1,7","7,28"
1129,"46,50","0,0002","1,7","6,96"
1130,"45,40","0,0000","1,8","7,26"
1131,"44,30","0,0038","2,0","7,17"
1132,"43,60","0,0039","2,0","8,87"
1133,"43,20","0,0040","2,0","9,60"
1134,"43,20","0,0040","2,1","10,06"
1135,"42,50","0,0039","2,1","9,79"
1136,"42,20","0,0037","2,1","9,78"
1137,"42,30","0,0037","13,6","9,01"
1138,"42,70","0,0037","61,1","9,06"
1139,"43,70","0,0035","128,3","7,43"
1140,"45,40","0,0030","240,8","6,47"
1141,"46,50","0,0033","218,3","7,76"
1142,"48,10","0,0030","258,6","6,26"
1143,"49,80","0,0031","331,8","7,04"
1144,"50,40","0,0033","209,8","7,13"
1145,"50,80","0,0031","141,2","6,33"
1146,"51,10","0,0034","70,4","5,69"
1147,"50,60","0,0034","31,4","7,04"
1148,"50,00","0,0030","1,8","6,55"
1149,"49,40","0,0032","1,4","3,58"
1150,"50,30","0,0024","1,4","3,53"
1151,"49,20","0,0021","1,4","3,21"
1152,"48,80","0,0020","1,4","2,50"
1153,"48,60","0,0041","1,5","5,28"
1154,"48,30","0,0037","1,5","3,17"
1155,"48,40","0,0036","1,5","2,40"
1156,"47,90","0,0038","1,5","3,66"
1157,"47,90","0,0039","1,6","3,80"
1158,"47,80","0,0039","1,6","3,35"
1159,"47,00","0,0037","1,5","3,98"
1160,"44,90","0,0001","1,7","4,67"
1161,"43,60","0,0020","4,4","5,84"
1162,"43,10","0,0021","11,1","6,30"
1163,"43,40","0,0017","28,7","5,51"
1164,"43,70","0,0018","60,4","5,19"
1165,"44,60","0,0025","75,8","4,57"
1166,"45,50","0,0018","125,3","5,25"
1167,"47,70","0,0010","162,7","4,15"
1168,"48,90","0,0006","59,7","3,65"
1169,"49,00","0,0007","52,1","4,40"
1170,"49,20","0,0007","31,1","5,01"
1171,"49,30","0,0005","24,8","5,69"
1172,"49,30","0,0003","3,1","5,82"
1173,"49,40","0,0001","1,5","5,25"
1174,"49,40","0,0002","1,5","4,55"
1175,"49,50","0,0022","1,5","2,48"
1176,"49,70","0,0009","1,4","1,84"
1177,"49,90","0,0034","1,4","1,30"
1178,"50,10","0,0039","1,4","1,47"
1179,"50,10","0,0037","1,4","2,44"
1180,"50,10","0,0035","1,4","4,56"
1181,"50,10","0,0034","1,4","3,84"
1182,"50,00","0,0033","1,4","4,42"
1183,"50,10","0,0034","1,4","4,59"
1184,"50,10","0,0034","1,5","4,87"
1185,"50,00","0,0035","12,6","5,43"
1186,"50,30","0,0034","69,9","6,84"
1187,"51,60","0,0030","150,9","6,61"
1188,"52,40","0,0029","152,9","7,42"
1189,"54,60","0,0006","460,6","7,95"
1190,"56,20","0,0039","313,7","5,92"
1191,"58,70","0,0022","368,4","6,27"
1192,"60,00","0,0040","279,6","6,36"
1193,"61,40","0,0034","545,5","5,27"
1194,"63,00","0,0043","346,9","5,61"
1195,"62,70","0,0065","132,2","5,92"
1196,"60,50","0,0060","4,9","5,77"
1197,"58,50","0,0037","0,7","4,23"
1198,"57,30","0,0031","0,9","5,22"
1199,"56,10","0,0040","0,9","5,08"
1200,"55,10","0,0036","1,0","5,75"
1201,"54,10","0,0058","1,0","6,97"
1202,"52,80","0,0056","1,4","7,92"
1203,"51,40","0,0052","1,4","7,86"
1204,"49,90","0,0048","1,5","6,63"
1205,"48,40","0,0043","1,6","4,16"
1206,"47,60","0,0040","1,7","4,68"
1207,"46,40","0,0044","1,8","7,26"
1208,"45,90","0,0042","2,1","7,23"
1209,"45,20","0,0041","53,3","11,82"
1210,"47,40","0,0008","238,3","14,33"
1211,"51,20","0,0038","444,0","13,31"
1212,"55,60","0,0041","622,7","12,43"
1213,"58,90","0,0002","730,0","9,41"
1214,"61,50","0,0032","755,4","10,64"
1215,"63,50","0,0026","785,2","8,14"
1216,"65,00","0,0044","628,0","9,22"
1217,"66,20","0,0044","539,2","8,58"
1218,"67,10","0,0067","346,9","10,45"
1219,"66,70","0,0082","131,7","7,99"
1220,"64,50","0,0078","4,5","4,49"
1221,"62,90","0,0057","0,5","4,58"
1222,"60,50","0,0047","0,6","5,08"
1223,"59,00","0,0044","0,7","6,25"
1224,"57,10","0,0041","0,9","6,21"
1225,"56,90","0,0069","0,7","9,84"
1226,"57,50","0,0074","0,9","9,04"
1227,"57,90","0,0012","0,9","13,80"
1228,"58,10","0,0069","0,9","14,39"
1229,"58,30","0,0063","0,9","13,30"
1230,"58,20","0,0060","0,9","10,96"
1231,"57,50","0,0061","0,7","10,99"
1232,"56,10","0,0064","0,7","12,41"
1233,"55,20","0,0066","4,0","14,23"
1234,"55,00","0,0074","8,4","10,64"
1235,"51,80","0,0045","7,2","13,09"
1236,"49,90","0,0045","16,0","10,40"
1237,"49,10","0,0052","38,5","10,97"
1238,"48,80","0,0048","79,0","11,02"
1239,"48,80","0,0055","69,4","9,52"
1240,"49,50","0,0057","151,4","9,08"
1241,"50,50","0,0064","100,4","8,65"
1242,"50,90","0,0067","71,2","11,35"
1243,"51,20","0,0064","38,7","11,14"
1244,"51,00","0,0065","6,0","7,44"
1245,"50,40","0,0063","1,1","6,55"
1246,"49,40","0,0060","1,2","6,69"
1247,"48,80","0,0059","1,6","5,51"
1248,"48,70","0,0058","1,6","7,96"
1249,"48,30","0,0056","1,5","5,39"
1250,"47,90","0,0056","1,5","5,46"
1251,"48,10","0,0056","1,5","5,54"
1252,"48,90","0,0057","1,4","7,01"
1253,"49,80","0,0058","1,4","6,92"
1254,"49,10","0,0057","1,5","5,04"
1255,"47,60","0,0054","1,6","5,07"
1256,"46,60","0,0053","2,1","9,15"
1257,"45,60","0,0051","62,6","10,19"
1258,"46,60","0,0049","215,4","13,13"
1259,"50,00","0,0030","463,1","18,03"
1260,"52,80","0,0030","639,7","18,98"
1261,"54,90","0,0027","763,7","20,39"
1262,"57,40","0,0022","811,5","21,05"
1263,"58,60","0,0036","770,5","26,28"
1264,"57,00","0,0035","536,8","24,00"
1265,"56,80","0,0036","249,0","25,40"
1266,"54,50","0,0028","201,5","25,30"
1267,"52,60","0,0001","117,5","17,50"
1268,"53,80","0,0010","8,9","10,60"
1269,"51,00","0,0019","1,0","10,97"
1270,"50,40","0,0011","1,2","10,02"
1271,"49,30","0,0004","1,4","3,23"
1272,"47,80","0,0005","1,6","2,81"
1273,"47,30","0,0007","1,5","3,59"
1274,"45,10","0,0030","1,5","8,26"
1275,"43,90","0,0031","1,6","10,55"
1276,"42,70","0,0031","1,7","10,84"
1277,"42,00","0,0029","1,7","10,27"
1278,"42,40","0,0027","1,8","10,01"
1279,"42,90","0,0028","1,7","9,73"
1280,"42,80","0,0030","2,3","7,57"
1281,"41,70","0,0032","63,1","9,22"
1282,"45,80","0,0028","261,5","9,67"